Workbook
Name aap_consolidate: 0
Name aap_enti: "9113"
Name aap_function: "-1"
Name aap_fund: "-1"
Name aap_fundchild: 0
Name aap_id_enti: 286
Name aap_id_function: 0
Name aap_id_fund: 0
Name aap_id_period: 436
Name aap_id_restriction: 0
Name aap_period: 4
Name aap_period_business: 4
Name aap_restriction: "-1"
Name aap_user: "0"
Name aap_version: "0"
Name aap_year: 2021
Name aap_year_business: 2021

Sheet QUADRO
C2: GENERAL CONFERENCE - SOUTH AMERICAN DIVISION
C3: IAJA / PPG / ASSISTENCIAL
D5: IAJA | L5: PPG
E6: Variação em Reais | M6: Variação em Dólares
D7: =Somatória!C2 -> 01/Julho | E7: Semanal | F7: Mensal | G7: Trimestral | H7: 12 Meses | L7: =D7 -> 01/Julho | M7: Semanal | N7: Mensal | O7: Trimestral | P7: 12 Meses
C8: Bancos | D8: =Somatória!C3 -> 29278.43 | E8: =Somatória!C3/Somatória!D3-1 -> -0.73244007 | F8: =Somatória!C3/Somatória!G3-1 -> -0.3420749 | G8: =Somatória!C3/Somatória!L3-1 -> -0.54940636 | H8: =Somatória!C3/Somatória!V3-1 -> -0.53621334 | K8: Bancos | L8: =Somatória!C12 -> 12245514 | M8: =Somatória!C12/Somatória!D12-1 -> 0 | N8: =Somatória!C12/Somatória!G12-1 -> 0 | O8: =Somatória!C12/Somatória!L12-1 -> 0.0030653136 | P8: =Somatória!C12/Somatória!V12-1 -> 0.042044543
C9: Aplicações | D9: =Somatória!C4 -> 2.1412976e+09 | E9: =Somatória!C4/Somatória!D4-1 -> 0.0026438065 | F9: =Somatória!C4/Somatória!G4-1 -> 0.009994065 | G9: =Somatória!C4/Somatória!L4-1 -> 0.020820794 | H9: =Somatória!C4/Somatória!V4-1 -> 0.129234 | K9: Aplicações | L9: =Somatória!C13 -> 1.3348876e+08 | M9: =Somatória!C13/Somatória!D13-1 -> 0 | N9: =Somatória!C13/Somatória!G13-1 -> 0 | O9: =Somatória!C13/Somatória!L13-1 -> 0.032619878 | P9: =Somatória!C13/Somatória!V13-1 -> 0.18918257
C11: Total | D11: =SUM(D8:D10) -> 2.1413269e+09 | E11: =Somatória!C6/Somatória!D6-1 -> 0.0026061439 | F11: =Somatória!C6/Somatória!G6-1 -> 0.0099866752 | G11: =Somatória!C6/Somatória!L6-1 -> 0.02080313 | H11: =Somatória!C6/Somatória!V6-1 -> 0.12921184 | K11: Total | L11: =SUM(L8:L10) -> 1.4573428e+08 | M11: =Somatória!C15/Somatória!D15-1 -> 0 | N11: =Somatória!C15/Somatória!G15-1 -> 0 | O11: =Somatória!C15/Somatória!L15-1 -> 0.030069661 | P11: =Somatória!C15/Somatória!V15-1 -> 0.17523881
D14: ASSISTENCIAL | K14: CONSOLIDADO
E15: Variação em Reais | M15: Variação em Reais
D16: =D7 -> 01/Julho | E16: Semanal | F16: Mensal | G16: Trimestral | H16: 12 Meses | L16: =D7 -> 01/Julho | M16: Semanal | N16: Mensal | O16: Trimestral | P16: 12 Meses
C17: Bancos | D17: =Somatória!C21 -> 765751.11 | E17: =Somatória!C21/Somatória!D21-1 -> 25.769685 | F17: =Somatória!C21/Somatória!G21-1 -> 24.524186 | G17: =Somatória!C21/Somatória!L21-1 -> 22.9799 | H17: =Somatória!C21/Somatória!V21-1 -> 24.493586 | K17: Bancos | L17: =Somatória!C30 -> 63614514 | M17: =Somatória!C30/Somatória!D30-1 -> -0.0031370377 | N17: =Somatória!C30/Somatória!G30-1 -> 0.025431894 | O17: =Somatória!C30/Somatória!L30-1 -> 0.063886065 | P17: =Somatória!C30/Somatória!V30-1 -> -0.051609919
C18: Aplicações | D18: =Somatória!C22 -> 3.0011023e+08 | E18: =Somatória!C22/Somatória!D22-1 -> 0.0013565804 | F18: =Somatória!C22/Somatória!G22-1 -> 0.0076878278 | G18: =Somatória!C22/Somatória!L22-1 -> 0.0066969125 | H18: =Somatória!C22/Somatória!V22-1 -> 0.067196202 | K18: Aplicações | L18: =Somatória!C31 -> 3.1262052e+09 | M18: =Somatória!C31/Somatória!D31-1 -> -0.0010517321 | N18: =Somatória!C31/Somatória!G31-1 -> 0.010610492 | O18: =Somatória!C31/Somatória!L31-1 -> 0.032474322 | P18: =Somatória!C31/Somatória!V31-1 -> 0.10964888
C20: Total | D20: =SUM(D17:D19) -> 3.0087598e+08 | E20: =Somatória!C24/Somatória!D24-1 -> 0.003815799 | F20: =Somatória!C24/Somatória!G24-1 -> 0.010157252 | G20: =Somatória!C24/Somatória!L24-1 -> 0.0091574685 | H20: =Somatória!C24/Somatória!V24-1 -> 0.069804956 | K20: Total | L20: =SUM(L17:L19) -> 3.1898197e+09 | M20: =Somatória!C32/Somatória!D32-1 -> -0.0010934046 | N20: =Somatória!C32/Somatória!G32-1 -> 0.010901887 | O20: =Somatória!C32/Somatória!L32-1 -> 0.033082628 | P20: =Somatória!C32/Somatória!V32-1 -> 0.10589878
K21: Cotação US$ | L21: 5.13
C23: BRASIL | K23: PPG
C37: IAJA - CONSOLIDADO | R37: P
P58: Tesouraria DSA
O59: Brasília | P59: =TODAY() -> 46213

Sheet Somatória
A2: BRASIL | B2: IAJA | C2: =Preenchimento!D1 -> 01/Julho | D2: =Preenchimento!E1 -> 05/Junho | E2: =Preenchimento!F1 -> 04/Junho | F2: =Preenchimento!G1 -> 03/Junho | G2: =Preenchimento!H1 -> 02/Junho | H2: =Preenchimento!I1 -> 01/Junho | I2: =Preenchimento!J1 -> 04/Maio | J2: =Preenchimento!K1 -> 03/Maio | ... V2: =Preenchimento!W1 -> 04/Julho
A3: Banco | C3: =Preenchimento!D10 -> 29278.43 | D3: =Preenchimento!E10 -> 109427.56 | E3: =Preenchimento!F10 -> 265161.29 | F3: =Preenchimento!G10 -> 46500 | G3: =Preenchimento!H10 -> 44501.16 | H3: =Preenchimento!I10 -> 71219.17 | I3: =Preenchimento!J10 -> 147088.62 | J3: =Preenchimento!K10 -> 52075.58 | ... V3: =Preenchimento!W10 -> 63129.09
A4: Aplicações | C4: =Preenchimento!D18 -> 2.1412976e+09 | D4: =Preenchimento!E18 -> 2.1356514e+09 | E4: =Preenchimento!F18 -> 2.136728e+09 | F4: =Preenchimento!G18 -> 2.1318926e+09 | G4: =Preenchimento!H18 -> 2.1201091e+09 | H4: =Preenchimento!I18 -> 2.1108053e+09 | I4: =Preenchimento!J18 -> 2.1119758e+09 | J4: =Preenchimento!K18 -> 2.1133849e+09 | ... V4: =Preenchimento!W18 -> 1.8962391e+09
C6: =SUM(C3:C5) -> 2.1413269e+09 | D6: =SUM(D3:D5) -> 2.1357608e+09 | E6: =SUM(E3:E5) -> 2.1369931e+09 | F6: =SUM(F3:F5) -> 2.1319391e+09 | G6: =SUM(G3:G5) -> 2.1201536e+09 | H6: =SUM(H3:H5) -> 2.1108765e+09 | I6: =SUM(I3:I5) -> 2.1121229e+09 | J6: =SUM(J3:J5) -> 2.113437e+09 | ... V6: =SUM(V3:V5) -> 1.8963022e+09
A11: URUGUAI | B11: PPG | C11: =C2 -> 01/Julho | D11: =D2 -> 05/Junho | E11: =E2 -> 04/Junho | F11: =F2 -> 03/Junho | G11: =G2 -> 02/Junho | H11: =H2 -> 01/Junho | I11: =I2 -> 04/Maio | J11: =J2 -> 03/Maio | ... V11: =V2 -> 04/Julho
A12: Banco | C12: =Preenchimento!D37 -> 12245514 | D12: =Preenchimento!E37 -> 12245514 | E12: =Preenchimento!F37 -> 12245514 | F12: =Preenchimento!G37 -> 12245514 | G12: =Preenchimento!H37 -> 12245514 | H12: =Preenchimento!I37 -> 12245514 | I12: =Preenchimento!J37 -> 12245514 | J12: =Preenchimento!K37 -> 12245514 | ... V12: =Preenchimento!W37 -> 11751430
A13: Aplicações | C13: =((Preenchimento!D40)*1.01)*1.000235 -> 1.3348876e+08 | D13: =((Preenchimento!E40)*1.01)*1.000235 -> 1.3348876e+08 | E13: =((Preenchimento!F40)*1.01)*1.000235 -> 1.3348876e+08 | F13: =((Preenchimento!G40)*1.01)*1.000235 -> 1.3348876e+08 | G13: =((Preenchimento!H40)*1.01)*1.000235 -> 1.3348876e+08 | H13: =((Preenchimento!I40)*1.01)*1.000235 -> 1.3348876e+08 | I13: =((Preenchimento!J40)*1.01)*1.000235 -> 1.3348876e+08 | J13: =((Preenchimento!K40)*1.01)*1.000235 -> 1.3348876e+08 | ... V13: =((Preenchimento!W40)*1.01)*1.000235 -> 1.1225254e+08
B15: Uruguai | C15: =((SUM(C12:C14))*1.01)*1.000235 -> 1.4722621e+08 | D15: =((SUM(D12:D14))*1.01)*1.000235 -> 1.4722621e+08 | E15: =((SUM(E12:E14))*1.01)*1.000235 -> 1.4722621e+08 | F15: =((SUM(F12:F14))*1.01)*1.000235 -> 1.4722621e+08 | G15: =((SUM(G12:G14))*1.01)*1.000235 -> 1.4722621e+08 | H15: =((SUM(H12:H14))*1.01)*1.000235 -> 1.4722621e+08 | I15: =((SUM(I12:I14))*1.01)*1.000235 -> 1.4722621e+08 | J15: =((SUM(J12:J14))*1.01)*1.000235 -> 1.4722621e+08 | ... V15: =((SUM(V12:V14))*1.01)*1.000235 -> 1.2527344e+08
A20: BRASIL | B20: ASSISTÊNCIAL | C20: =C11 -> 01/Julho | D20: =D11 -> 05/Junho | E20: =E11 -> 04/Junho | F20: =F11 -> 03/Junho | G20: =G11 -> 02/Junho | H20: =H11 -> 01/Junho | I20: =I11 -> 04/Maio | J20: =J11 -> 03/Maio | ... V20: =V11 -> 04/Julho
A21: Banco | C21: =Preenchimento!D24 -> 765751.11 | D21: =Preenchimento!E24 -> 28605.16 | E21: =Preenchimento!F24 -> 22491.58 | F21: =Preenchimento!G24 -> 30001 | G21: =Preenchimento!H24 -> 30001 | H21: =Preenchimento!I24 -> 27140.91 | I21: =Preenchimento!J24 -> 28641.28 | J21: =Preenchimento!K24 -> 1001 | ... V21: =Preenchimento!W24 -> 30037.01
A22: Aplicações | C22: =Preenchimento!D33 -> 3.0011023e+08 | D22: =Preenchimento!E33 -> 2.9970365e+08 | E22: =Preenchimento!F33 -> 2.9508722e+08 | F22: =Preenchimento!G33 -> 2.9471259e+08 | G22: =Preenchimento!H33 -> 2.9782063e+08 | H22: =Preenchimento!I33 -> 2.9872814e+08 | I22: =Preenchimento!J33 -> 2.9890477e+08 | J22: =Preenchimento!K33 -> 2.9418469e+08 | ... V22: =Preenchimento!W33 -> 2.8121373e+08
C24: =SUM(C21:C23) -> 3.0087598e+08 | D24: =SUM(D21:D23) -> 2.9973226e+08 | E24: =SUM(E21:E23) -> 2.9510971e+08 | F24: =SUM(F21:F23) -> 2.9474259e+08 | G24: =SUM(G21:G23) -> 2.9785063e+08 | H24: =SUM(H21:H23) -> 2.9875528e+08 | I24: =SUM(I21:I23) -> 2.9893341e+08 | J24: =SUM(J21:J23) -> 2.941857e+08 | ... V24: =SUM(V21:V23) -> 2.8124377e+08
B26: Brasil | C26: =C6+C24 -> 2.4422029e+09 | D26: =D6+D24 -> 2.4354931e+09 | E26: =E6+E24 -> 2.4321029e+09 | F26: =F6+F24 -> 2.4266817e+09 | G26: =G6+G24 -> 2.4180043e+09 | H26: =H6+H24 -> 2.4096318e+09 | I26: =I6+I24 -> 2.4110563e+09 | J26: =J6+J24 -> 2.4076227e+09 | ... V26: =V6+V24 -> 2.177546e+09
C30: =C3+(C12*C35)+C21 -> 63614514 | D30: =D3+(D12*D35)+D21 -> 63814703 | E30: =E3+(E12*E35)+E21 -> 63719413 | F30: =F3+(F12*F35)+F21 -> 63263351 | G30: =G3+(G12*G35)+G21 -> 62036801 | H30: =H3+(H12*H35)+H21 -> 62795390 | I30: =I3+(I12*I35)+I21 -> 61893118 | J30: =J3+(J12*J35)+J21 -> 61648010 | ... V30: =V3+(V12*V35)+V21 -> 67076318
C31: =C4+(C13*C35)+C22 -> 3.1262052e+09 | D31: =D4+(D13*D35)+D22 -> 3.1294966e+09 | E31: =E4+(E13*E35)+E22 -> 3.123287e+09 | F31: =F4+(F13*F35)+F22 -> 3.1154072e+09 | G31: =G4+(G13*G35)+G22 -> 3.0933829e+09 | H31: =H4+(H13*H35)+H22 -> 3.0929959e+09 | I31: =I4+(I13*I35)+I22 -> 3.0836639e+09 | J31: =J4+(J13*J35)+J22 -> 3.0790181e+09 | ... V31: =V4+(V13*V35)+V22 -> 2.8172923e+09
C32: =SUM(C30:C31) -> 3.1898197e+09 | D32: =SUM(D30:D31) -> 3.1933113e+09 | E32: =SUM(E30:E31) -> 3.1870064e+09 | F32: =SUM(F30:F31) -> 3.1786706e+09 | G32: =SUM(G30:G31) -> 3.1554197e+09 | H32: =SUM(H30:H31) -> 3.1557913e+09 | I32: =SUM(I30:I31) -> 3.145557e+09 | J32: =SUM(J30:J31) -> 3.1406661e+09 | ... V32: =SUM(V30:V31) -> 2.8843686e+09
A35: Cotação | B35: US$ / R$ | C35: 5.13 | D35: 5.2 | E35: 5.18 | F35: 5.16 | G35: 5.06 | H35: 5.12 | I35: 5.04 | J35: 5.03 | K35: 4.9 | L35: 4.89 | M35: 5.11 | N35: 5.38 | O35: 5.21 | P35: 5.36 | Q35: 5.44 | R35: 5.33 | S35: 5.38 | T35: 5.5 | U35: 5.5 | V35: 5.7

Sheet DrillDown

Sheet Preenchimento
A1: Banco | B1: Agência | C1: Conta | D1: 01/Julho | E1: 05/Junho | F1: 04/Junho | G1: 03/Junho | H1: 02/Junho | I1: 01/Junho | J1: 04/Maio | K1: 03/Maio | L1: 02/Maio | M1: 01/Maio | N1: 05/Abril | O1: 04/Março | P1: 04/Fevereiro | Q1: 04/Janeiro | R1: 05/Dezembro | S1: 04/Novembro | T1: 04/Outubro | U1: 04/Setembro | V1: 04/Agosto | W1: 04/Julho
A2: Santander | B2: 1181 | C2: 13000563-3 | D2: 2679.61 | E2: 28783.81 | F2: 209400.84 | G2: 20000 | H2: 17000 | I2: 35581.1 | J2: 40973.75 | K2: 17000 | L2: 19941.26 | M2: 18861.03 | N2: 36126.52 | O2: 196112.89 | P2: 16357.2 | Q2: 20000 | R2: 8446.5 | S2: 20000 | T2: 20000 | U2: 20000 | V2: 20000 | W2: 17619.98
A3: Santander | B3: 2271 | C3: 13011444-6 | D3: 5000 | E3: 5000 | F3: 5000 | G3: 5000 | H3: 5000 | I3: 5000 | J3: 6890.28 | K3: 8053.3 | L3: 5000 | M3: 13409.56 | N3: 5000 | O3: 8626.29 | P3: 5000 | Q3: 5000 | R3: 5000 | S3: 5000 | T3: 5000 | U3: 5000 | V3: 11798.8 | W3: 6285.85
A4: Santander | B4: 2271 | C4: 13011446-0 | D4: 5000 | E4: 5000 | F4: 5000 | G4: 5000 | H4: 5000 | I4: 5000 | J4: 5000 | K4: 8039.46 | L4: 6638.23 | M4: 4951.77 | N4: 5000 | O4: 5000 | P4: 5000 | Q4: 5000 | R4: 5000 | S4: 5000 | T4: 5000 | U4: 5560.66 | V4: 5000 | W4: 5000
A5: Santander | B5: 2271 | C5: 13011445-3 | D5: 4862.22 | E5: 2952.28 | F5: 1367.33 | G5: 5000 | H5: 5000 | I5: 14138.07 | J5: 5000 | K5: 3900.11 | L5: 5658.98 | M5: 14671.9 | N5: 5000 | O5: 5000 | P5: 5000 | Q5: 6359.19 | R5: 5000 | S5: 5000 | T5: 11377.55 | U5: 9903.18 | V5: 7916.45 | W5: 5650.09
A6: Santander | B6: 2271 | C6: 13011447-7 | D6: 5000 | E6: 5000 | F6: 5000 | G6: 5000 | H6: 6001.16 | I6: 5000 | J6: 5000 | K6: 8582.71 | L6: 7433.62 | M6: 4700.75 | N6: 5000 | O6: 5000 | P6: 5000 | Q6: 5000 | R6: 4996.8 | S6: 5000 | T6: 5000 | U6: 6211.66 | V6: 5000 | W6: 5000
A7: Santander | B7: 3100 | C7: 13005913-4 | D7: 5000 | E7: 13095.76 | F7: 5300 | G7: 5000 | H7: 5000 | I7: 5000 | J7: 26288.94 | K7: 5000 | L7: 7609.62 | M7: 6645.85 | N7: 31648.76 | O7: 5000 | P7: 4268.92 | Q7: 5691.62 | R7: 4996.8 | S7: 5000 | T7: 2049.73 | U7: 5000 | V7: 1000 | W7: 8002.36
A8: Santander | B8: 3100 | C8: 13005914-1 | D8: 1000 | E8: 21000 | F8: 33593.12 | G8: 1000 | H8: 1000 | I8: 1000 | J8: 47435.65 | K8: 1000 | L8: 1000 | M8: 1000 | N8: 12488.73 | O8: 78740.25 | P8: 1000.01 | Q8: 1000 | R8: 13656.58 | S8: 1000 | T8: 5000 | U8: 62632.02 | V8: =1000+2823.46+4139.35-48.87 -> 7913.94 | W8: 9034.49
A9: Santander | B9: 3100 | C9: 13005915-8 | D9: 736.6 | E9: 28595.71 | F9: 500 | G9: 500 | H9: 500 | I9: 500 | J9: 10500 | K9: 500 | L9: 500 | M9: 736.6 | N9: 500 | O9: 34897.88 | P9: 2483.26 | Q9: 10914.94 | R9: 489.68 | S9: 500 | T9: 10127.82 | U9: 33134.07 | V9: 500 | W9: 6536.32
A10: Total | D10: =SUM(D2:D9) -> 29278.43 | E10: =SUM(E2:E9) -> 109427.56 | F10: =SUM(F2:F9) -> 265161.29 | G10: =SUM(G2:G9) -> 46500 | H10: =SUM(H2:H9) -> 44501.16 | I10: =SUM(I2:I9) -> 71219.17 | J10: =SUM(J2:J9) -> 147088.62 | K10: =SUM(K2:K9) -> 52075.58 | ... W10: =SUM(W2:W9) -> 63129.09
A12: Carteira | B12: Código
A13: Alpha | B13: CUST1811 | D13: =1188150298.93+336595.91 -> 1.1884869e+09 | E13: 1.1864978e+09 | F13: 1.1888651e+09 | G13: 1.1856694e+09 | H13: =1177943236.22+1372799.46 -> 1.179316e+09 | I13: 1.1763324e+09 | J13: 1.1749328e+09 | K13: 1.1759674e+09 | L13: 1.1740077e+09 | M13: 1.1675474e+09 | N13: 1.163748e+09 | O13: 1.1503888e+09 | P13: 1.1388129e+09 | Q13: 1.1370612e+09 | R13: 1.1244014e+09 | S13: 1.1202377e+09 | T13: 1.1155922e+09 | U13: 1.1063853e+09 | V13: 1.0938538e+09 | W13: 1.0865516e+09
A14: Beta | B14: CUST1812 | D14: =609059284.02+807673.31 -> 6.0986696e+08 | E14: 6.0763373e+08 | F14: 6.0594857e+08 | G14: 6.045594e+08 | H14: =597897073.86+2893377.5 -> 6.0079045e+08 | I14: 5.9700294e+08 | J14: 5.9762325e+08 | K14: 5.9651178e+08 | L14: 5.9605773e+08 | M14: 5.9133262e+08 | N14: 5.8982261e+08 | O14: 5.7710329e+08 | P14: 5.726055e+08 | Q14: 5.6486729e+08 | R14: 5.4817439e+08 | S14: 5.3613583e+08 | T14: =526238566.84+51156.18 -> 5.2628972e+08 | U14: 5.1784254e+08 | V14: 5.0670436e+08 | W14: 4.9793508e+08
A15: Gama | B15: CUST1813 | D15: =287189626.38+466124.07 -> 2.8765575e+08 | E15: 2.8598633e+08 | F15: 2.8737747e+08 | G15: 2.8717615e+08 | H15: =284298383.81+1869818.04 -> 2.861682e+08 | I15: 2.8358239e+08 | J15: 2.8392123e+08 | K15: 2.8645668e+08 | L15: 2.8688404e+08 | M15: 284233716 | N15: 283562996 | O15: 2.8099574e+08 | P15: 2.8401244e+08 | Q15: 2.8329819e+08 | R15: 2.8067266e+08 | S15: 2.7455655e+08 | T15: =272338901.03+28116.64 -> 2.7236702e+08 | U15: 2.6935269e+08 | V15: 2.6405196e+08 | W15: 2.6076721e+08
A16: Administ | B16: CUST1814 | D16: 17225967 | E16: 17198898 | F16: 17319079 | G16: =17312408.24-42460.15 -> 17269948 | H16: 17242373 | I16: 17295514 | J16: 17391416 | K16: 17316576 | L16: 17352826 | M16: 17371742 | N16: 17511589 | O16: 17601670 | P16: 17711609 | Q16: 17732702 | R16: 17806004 | S16: 17957483 | T16: =17863881.44+208375.2 -> 18072257 | U16: =17845221.68+67506.62 -> 17912728 | V16: =17980123.69+26224.53 -> 18006348 | W16: 18030952
A17: Empréstimos | B17: 1020308010100 | D17: 38062067 | E17: 38334661 | F17: 37217734 | G17: 37217734 | H17: 36592066 | I17: 36592066 | J17: 38107067 | K17: 37132546 | L17: 37137933 | M17: 37137933 | N17: 37494178 | O17: 37113277 | P17: 36255359 | Q17: 35989166 | R17: 35619632 | S17: 34736787 | T17: 34150857 | U17: 33777529 | V17: 32930120 | W17: 32954198
A18: Total | D18: =SUM(D13:D17) -> 2.1412976e+09 | E18: =SUM(E13:E17) -> 2.1356514e+09 | F18: =SUM(F13:F17) -> 2.136728e+09 | G18: =SUM(G13:G17) -> 2.1318926e+09 | H18: =SUM(H13:H17) -> 2.1201091e+09 | I18: =SUM(I13:I17) -> 2.1108053e+09 | J18: =SUM(J13:J17) -> 2.1119758e+09 | K18: =SUM(K13:K17) -> 2.1133849e+09 | ... W18: =SUM(W13:W17) -> 1.8962391e+09
A20: Assistencial
A21: Banco | B21: Agência | C21: Conta
A22: Santander | B22: 82 | C22: 13003356-1 | D22: 765750.11 | E22: 28604.16 | F22: 22490.58 | G22: 30000 | H22: 30000 | I22: 27139.91 | J22: 28640.28 | K22: 1000 | L22: 50000 | M22: 31932.04 | N22: 34860.87 | O22: 910358.54 | P22: 23564.26 | Q22: 29983.66 | R22: 30000 | S22: 30000 | T22: 30102.59 | U22: 29983.18 | V22: 30000 | W22: 30000
A23: Bradesco | B23: 3416 | C23: 210000-2 | D23: 1 | E23: 1 | F23: 1 | G23: 1 | H23: 1 | I23: 1 | J23: 1 | K23: 1 | L23: 1 | M23: 1 | N23: 1 | O23: 1 | P23: 1 | Q23: 1 | R23: 1 | S23: 1 | T23: 1 | U23: 37.01 | V23: 37.01 | W23: 37.01
A24: Total | D24: =SUM(D22:D23) -> 765751.11 | E24: =SUM(E22:E23) -> 28605.16 | F24: =SUM(F22:F23) -> 22491.58 | G24: =SUM(G22:G23) -> 30001 | H24: =SUM(H22:H23) -> 30001 | I24: =SUM(I22:I23) -> 27140.91 | J24: =SUM(J22:J23) -> 28641.28 | K24: =SUM(K22:K23) -> 1001 | ... W24: =SUM(W22:W23) -> 30037.01
A26: Carteira | B26: Código
A27: Bradesco | B27: Bradesco | D27: 29325862 | E27: 39128835 | F27: 39123142 | G27: 38962184 | H27: 39055251 | I27: 38756749 | J27: 39008845 | K27: =30762662.08+7975601.21+200000+100000 -> 39038263 | L27: =30762662.08+7975601.21+200000 -> 38938263 | M27: =30762662.08+7975601.21+100000 -> 38838263 | N27: =30762662.08+7975601.21 -> 38738263 | O27: =30762662.08+7478069.48 -> 38240732 | P27: 43056472 | Q27: 48172610 | R27: 54751123 | S27: 58030113 | T27: =80222645.63-15200000+170000+4926806.93+200000+200000 -> 70519453 | U27: =76109792.75+200000+731758.94+250000+210000 -> 77501552 | V27: =75883051.14+220000 -> 76103051 | W27: =70018579.4+291521.25 -> 70310101
A28: Santander | B28: Santander | D28: 75931602 | E28: 75728702 | F28: 81032184 | G28: 80818510 | H28: =79769087.5+320000 -> 80089088 | I28: 81235151 | J28: 81059689 | K28: 78262941 | L28: 77930730 | M28: 78713548 | N28: 78501276 | O28: =68416839.51+5420095.22 -> 73836935 | P28: 67422645 | Q28: 55971544 | R28: =41868329.93+205000 -> 42073330 | S28: 37036180 | T28: 23323097 | U28: 25055296 | V28: 26126718 | W28: 29020973
A29: Oceana | B29: 1120510/1120590 | C29: 12823624 | D29: 2279519.8 | E29: 2279519.8 | F29: 2262458 | G29: 2262458 | H29: 2262458 | I29: 2335593.7 | J29: 2335593.7 | K29: 2335593.7 | L29: 2335593.7 | M29: 2335593.7 | N29: 2335593.7 | O29: =500000+1814517.95 -> 2314518 | P29: 2297885.8 | Q29: 2297885.8 | R29: 2215976.2 | S29: 2159483.2 | T29: 2147954.2 | U29: 2094141.6 | V29: =500000+1487897.08 -> 1987897.1 | W29: 2048536.4
A30: Superbom | B30: 1219001 | C30: 21 | D30: 1668499.1 | E30: 1661853.7 | F30: 1661853.7 | G30: 1661853.7 | H30: 1661853.7 | I30: 1648662 | J30: 1648662 | K30: 1648662 | L30: 1648662 | M30: 1648662 | N30: 1648662 | O30: 1648662 | P30: 1642115.3 | Q30: 1598077.1 | R30: =3049646.11-205696.96 -> 2843949.1 | S30: 3046859.8 | T30: 3046859.8 | U30: 3174173.7 | V30: 3142648.8 | W30: 3142648.8
A31: HAS | B31: 1216023/1137023 | D31: =7746718.47+1200000 -> 8946718.5 | E31: =7746718.47+1200000 -> 8946718.5 | F31: =7746718.47+1200000 -> 8946718.5 | G31: =7746718.47+1200000 -> 8946718.5 | H31: =7846718.47+1200000 -> 9046718.5 | I31: =7846718.47+1200000 -> 9046718.5 | J31: =7946718.47+1200000 -> 9146718.5 | K31: =7946718.47+1200000 -> 9146718.5 | L31: =7946718.47+1200000 -> 9146718.5 | M31: =7946718.47+1200000 -> 9146718.5 | N31: =7946718.47+1200000 -> 9146718.5 | O31: =8046718.47+1200000 -> 9246718.5 | P31: =8146718.47+1200000 -> 9346718.5 | Q31: =6546718.47+2900000 -> 9446718.5 | R31: =2100000+7446718.47 -> 9546718.5 | S31: =2100000+7446718.47 -> 9546718.5 | T31: =2100000+7446718.47 -> 9546718.5 | U31: =2100000+7446718.47 -> 9546718.5 | V31: =2100000+7446718.47 -> 9546718.5 | W31: =2100000+7446718.47 -> 9546718.5
A32: Convênios | B32: 1137010/1216010 | D32: =41227764.42+140730260.22 -> 1.8195802e+08 | E32: =37561097.75+126396926.89+8000000 -> 1.7195802e+08 | F32: =32941102.36+129119762.71 -> 1.6206087e+08 | G32: =32941102.36+129119762.71 -> 1.6206087e+08 | H32: =36585500.59+129119762.71 -> 1.6570526e+08 | I32: =36585500.59+129119762.71 -> 1.6570526e+08 | J32: =36585500.59+129119762.71 -> 1.6570526e+08 | K32: =32000633.92+131751881.61 -> 1.6375252e+08 | L32: =32000633.92+131751881.61 -> 1.6375252e+08 | M32: =35679117.1+131751881.61 -> 1.67431e+08 | N32: =35679117.1+131751881.61 -> 1.67431e+08 | O32: =30661417.4+138587231.45 -> 1.6924865e+08 | P32: 1.7196125e+08 | Q32: =33374016.19+143230925.48 -> 1.7660494e+08 | R32: =31726204.55+145218246.85 -> 1.7694445e+08 | S32: =30281592.62+147212420.47 -> 1.7749401e+08 | T32: =29869592.92+142944945.1 -> 1.7281454e+08 | U32: =30924213.82+131104466.4 -> 1.6202868e+08 | V32: =29724104.79+133644262.05 -> 1.6336837e+08 | W32: =33500492.32+133644262.05 -> 1.6714475e+08
A33: Total | D33: =SUM(D27:D32) -> 3.0011023e+08 | E33: =SUM(E27:E32) -> 2.9970365e+08 | F33: =SUM(F27:F32) -> 2.9508722e+08 | G33: =SUM(G27:G32) -> 2.9471259e+08 | H33: =SUM(H27:H32) -> 2.9782063e+08 | I33: =SUM(I27:I32) -> 2.9872814e+08 | J33: =SUM(J27:J32) -> 2.9890477e+08 | K33: =SUM(K27:K32) -> 2.9418469e+08 | ... W33: =SUM(W27:W32) -> 2.8121373e+08
A35: PPG
A36: Banco | B36: Agência | C36: Conta | D36: =D1 -> 01/Julho | E36: =E1 -> 05/Junho | F36: =F1 -> 04/Junho | G36: =G1 -> 03/Junho | H36: =H1 -> 02/Junho | I36: =I1 -> 01/Junho | J36: =J1 -> 04/Maio | K36: =K1 -> 03/Maio | ... W36: =W1 -> 04/Julho
D37: 12245514 | E37: 12245514 | F37: 12245514 | G37: 12245514 | H37: 12245514 | I37: 12245514 | J37: 12245514 | K37: 12245514 | L37: 12208092 | M37: 12208092 | N37: 12208092 | O37: 12165836 | P37: 12127684 | Q37: 12088453 | R37: 12018519 | S37: 11939778 | T37: 11899149 | U37: 11848537 | V37: 11796275 | W37: 11751430
A39: Carteira | B39: Código
D40: 1.3213604e+08 | E40: 1.3213604e+08 | F40: 1.3213604e+08 | G40: 1.3213604e+08 | H40: 1.3213604e+08 | I40: 1.3213604e+08 | J40: 1.3213604e+08 | K40: 1.3213604e+08 | L40: 1.2796194e+08 | M40: 1.2796194e+08 | N40: 1.2796194e+08 | O40: 1.1913156e+08 | P40: 1.2512379e+08 | Q40: 1.2340989e+08 | R40: 1.1945673e+08 | S40: 1.1958665e+08 | T40: 1.1868579e+08 | U40: 1.1689027e+08 | V40: 1.1368074e+08 | W40: 1.1111501e+08
